Designator,Value,Footprint,Digikey Link,Part #,Quantity
"C1,C13,C15,C19",4.7u,0402,https://www.digikey.com/en/products/detail/samsung-electro-mechanics/CL05A475MP5NRNC/3887140,CL05A475MP5NRNC,4
"C2,C4,C9,C16-C18,C20-C22",100n,0402,https://www.digikey.com/en/products/detail/samsung-electro-mechanics/CL05A104KA5NNNC/3886701,CL05A104KA5NNNC,9
"C3,C5-C8,C10",1u,0402,https://www.digikey.com/en/products/detail/samsung-electro-mechanics/CL05A105KP5NNNC/3886734,CL05A105KP5NNNC,6
"C11,C26",10n,0402,https://www.digikey.com/en/products/detail/samsung-electro-mechanics/CL05B103KB5NNNC/3886686,CL05B103KB5NNNC,2
"C12,C14",10p,0402,https://www.digikey.com/en/products/detail/murata-electronics/GRM1555C1H100FA01D/2543854,GRM1555C1H100FA01D,2
C23,100p,0402,https://www.digikey.com/en/products/detail/murata-electronics/GRM1555C1H101JA01D/3693829,GRM1555C1H101JA01D,1
C24,0.8p,0402,https://www.digikey.com/en/products/detail/yageo/CC0402BRNPO9BNR80/5883200,CC0402BRNPO9BNR80,1
C25,0.3p,0402,https://www.digikey.com/en/products/detail/murata-electronics/GRM1555C1HR30BA01J/4358110,GRM1555C1HR30BA01J,1
C30,1.2p,0402,https://www.digikey.com/en/products/detail/yageo/CC0402CRNPO9BN1R2/302736,CC0402CRNPO9BN1R2,1
D1,PWR,0603,https://www.digikey.com/en/products/detail/liteon/LTST-C191KRKT/386837,LTST-C191KRKT,1
D2,STAT,0603,https://www.digikey.com/en/products/detail/liteon/LTST-C190GKT/269230,LTST-C190GKT,1
J2,Conn_02x05_Odd_Even,PinHeader_2x05_P1.27mm_Vertical_SMD,https://www.digikey.com/en/products/detail/amphenol-cs-fci/20021121-00010C4LF/2209057,20021121-00010C4LF,1
J3,Conn_Coaxial,CONUFL001-SMD-T,https://www.digikey.com/en/products/detail/te-connectivity-linx/CONUFL001-SMD-T/7427732,CONUFL001-SMD-T,1
J4,USB_C_Receptacle,USB4120-03-C,https://www.digikey.com/en/products/detail/gct/USB4115-03-C/13557449,USB4115-03-C,1
L1,10u,0805,https://www.digikey.com/en/products/detail/murata-electronics/LQM21FN100M70L/1016188?s=N4IgTCBcDaIDIEUCyYCMAxAcqgDDpA7DnCALoC%2BQA,LQM21FN100M70L,1
L2,10n,0402,https://www.digikey.com/en/products/detail/murata-electronics/LQG15WZ10NJ02D/6798669?s=N4IgTCBcDaIDIEUDiBGArAdQFooAwDkApXMAERAF0BfIA,LQG15WZ10NJ02D,1
L3,2.7n,0402,https://www.digikey.com/en/products/detail/murata-electronics/LQG15HS2N7S02D/662864?s=N4IgTCBcDaIDIEUDiBGArACQMpgHIHYsAGCAXQF8g,LQG15HS2N7S02D,1
L4,0R,0603,https://www.digikey.com/en/products/detail/bourns-inc/CR0603AJ-000EAS/10240122,CR0603AJ/-000EAS,1
L5,3.6n,0402,https://www.digikey.com/en/products/detail/murata-electronics/LQG15HS3N6S02D/2594221?s=N4IgTCBcDaIDIEUDiBGArACQMoGYByAbFgAwQC6AvkA,LQG15HS3N6S02,1
"Q1-Q4,Q7",BSS138,SOT-23,https://www.digikey.com/en/products/detail/onsemi/BSS138/244210,BSS138,5
Q6,DMG1012T,SOT-523,https://www.digikey.com/en/products/detail/diodes-incorporated/DMG1012T-7/2174582,DMG1012T-7,1
"R1,R2",5.1K,0402,https://www.digikey.com/en/products/detail/panasonic-electronic-components/ERJ-2RKF5101X/1746242,ERJ-2RKF5101X,2
"R3,R5-R7,R9,R10,R12",47K,0402,https://www.digikey.com/en/products/detail/panasonic-electronic-components/ERJ-2RKF4702X/1746233,ERJ-2RKF4702X,7
"R4,R11",40.2K,0402,https://www.digikey.com/en/products/detail/yageo/RC0402FR-1340K2L/16982167,RC0402FR-1340K2L,2
"R8,R13,R15,R21",1K,0402,https://www.digikey.com/en/products/detail/panasonic-electronic-components/ERJ-2RKF1001X/79729,ERJ-2RKF1001X,4
"R14,R16-R20",2.2K,0402,https://www.digikey.com/en/products/detail/panasonic-electronic-components/ERJ-2RKF2201X/1746150,ERJ-2RKF2201X,6
"SW1, SW2","BOOT, RST",EVQ-P7A01P,https://www.digikey.com/en/products/detail/panasonic-electronic-components/EVQ-P7A01P/4429447,EVQ-P7A01P,2
U1,TPS7A0333PDBVR,SOT-23-5,https://www.digikey.com/en/products/detail/texas-instruments/TPS7A0333PDBVR/12165108?utm_adgroup=&utm_source=google&utm_medium=cpc&utm_campaign=PMax%20Shopping_Product_Medium%20ROAS%20Categories&utm_term=&utm_content=&utm_id=go_cmp-20223376311_adg-_ad-__dev-c_ext-_prd-_sig-Cj0KCQiAo7KqBhDhARIsAKhZ4uiAb_E-PQihxuZHTOrwjErTca7YRjR2WSyfjPGsYIBT_2uDVNIoMYkaAgIBEALw_wcB&gad_source=1&gclid=Cj0KCQiAo7KqBhDhARIsAKhZ4uiAb_E-PQihxuZHTOrwjErTca7YRjR2WSyfjPGsYIBT_2uDVNIoMYkaAgIBEALw_wcB,TPS7A0333PDBVR,1
U2,VL53L8CX,VL53L8CX,https://www.digikey.com/en/products/detail/stmicroelectronics/VL53L8CXV0GC-1/18085238?s=N4IgTCBcDaIGoBkCsBmBAOAwgDRAXQF8g,VL53L8CXV0GC/1,1
U3,ECMF02-2AMX6,ST_UQFN-6L_1.5x1.7mm_P0.5mm,https://www.digikey.com/en/products/detail/stmicroelectronics/ECMF02-2AMX6/2440273?s=N4IgTCBcDaIKIGECyAxADGAtGAgkgGgGwgC6AvkA,ECMF02-2AMX6,1
U4,TPS7A0318PDBVR,SOT-23-5,https://www.digikey.com/en/products/detail/texas-instruments/TPS7A0318PDBVR/12165165,TPS7A0318PDBVR,1
U5,TCS3430,TCS3430,https://www.digikey.com/en/products/detail/ams-osram-usa-inc/TCS34303/7428283,TCS34303,1
U6,STM32WB55CGUx,QFN-48-1EP_7x7mm_P0.5mm_EP5.6x5.6mm,https://www.digikey.com/en/products/detail/stmicroelectronics/STM32WB55CGU6/9919554,STM32WB55CGU6,1
U8,DEA162450BT-1295A1,DEA162450BT-1295A1,https://www.digikey.com/en/products/detail/tdk-corporation/DEA162450BT-1295A1/8546672?s=N4IgTCBcDaICIFECCBGAbGALAVgAwCEAVAWhTAE5tUQBdAXyA,DEA162450BT-1295A1,1
Y2,NX2016SA_32M,NX2016SA_32M,https://www.digikey.com/en/products/detail/ndk-america-inc/CS06465-32M/7645290,CS06465-32M,1
Y3,NX2012_32K768,NX2012_32K768,https://www.digikey.com/en/products/detail/ndk-america-inc/NX2012SA-32-768KHZ-EXS00A-MU00797/9172013,MU00797-32.768K,1
